"id","DateRecorded","NewStudentPositives","NewEmployeePositives","TotalConfirmedCases","ActiveCases","RecoveredCases","NumberOfCases","NumberOfTests","created_at","updated_at","NewStudentPositivesOutsideCNY","NewEmployeePositivesOutsideCNY","ActiveCasesOutsideCNY","StudentsInQuarantine","TestAdministeredCampus10Day","PositveTests14Day","PositveTests14DayLabel","NotesSection","cumulative_positives","Last.7.Days.Mean"
7,2020-08-06,0,0,0,0,0,0,0,"2020-08-06T14:36:03.284Z","2020-08-18T16:22:48.381Z",0,0,0,0,0,NA,NA,NA,0,NA
10,2020-08-11,3,0,8,3,5,8,1344,"2020-08-11T20:04:31.720Z","2020-08-18T17:54:26.390Z",5,0,5,0,0,NA,NA,NA,3,NA
11,2020-08-18,2,0,5,5,10,0,6194,"2020-08-18T17:54:06.442Z","2020-08-18T17:54:20.473Z",3,0,8,10,0,NA,NA,NA,5,NA
12,2020-08-21,5,0,1,7,11,0,13525,"2020-08-21T17:26:41.217Z","2020-08-21T17:32:56.253Z",3,0,7,18,12181,NA,NA,NA,10,NA
13,2020-08-24,1,1,-10,3,22,0,19473,"2020-08-24T19:13:48.895Z","2020-08-24T19:13:48.904Z",0,0,1,12,15540,NA,NA,NA,11,NA
14,2020-08-26,7,0,6,9,23,0,21043,"2020-08-26T16:49:10.454Z","2020-08-26T16:49:10.467Z",0,0,1,26,17885,NA,NA,NA,18,NA
15,2020-08-28,1,0,1,10,23,0,21656,"2020-08-28T17:23:27.056Z","2020-08-28T17:23:27.074Z",0,0,1,39,17761,NA,NA,NA,19,NA
17,2020-08-31,4,0,1,12,26,0,22126,"2020-08-31T18:26:19.281Z","2020-08-31T18:28:36.175Z",0,0,0,53,10358,NA,NA,NA,23,3.28571428571429
18,2020-09-02,1,0,-3,9,29,0,23256,"2020-09-02T17:08:51.255Z","2020-09-04T17:54:31.642Z",0,0,0,45,5302,NA,NA,"For information about COVID-19 in the City of Syracuse and other communities in Onondaga County, please visit the Onondaga County COVID-19 site.",24,3
19,2020-09-04,0,0,-4,5,33,0,23892,"2020-09-04T17:54:09.036Z","2020-09-04T21:03:32.924Z",0,0,0,38,3284,4,"Positive Tests Within 14-Day Period (Aug. 28 – Sep. 11):","For information about COVID-19 in the City of Syracuse and other communities in Onondaga County, please visit the [Onondaga County COVID-19 site](https://covid19.ongov.net/data/).

Update: All Ernie Davis Hall (EDH) residents and staff were tested and results have been received by the University. There is no evidence of new, positive cases of COVID-19 among residents and staff associated with EDH. EDH students have been welcomed to exit their precautionary quarantine and resume daily activities.",24,2.71428571428571
20,2020-09-07,1,0,-3,2,37,0,25310,"2020-09-07T16:38:18.279Z","2020-09-07T17:18:37.662Z",0,0,0,20,3468,5,"Positive Tests Within 14-Day Period (Aug. 28 – Sep. 11)","For information about COVID-19 in the City of Syracuse and other communities in Onondaga County, please visit the [Onondaga County COVID-19](https://covid19.ongov.net/data/) site.",25,2.14285714285714
21,2020-09-09,2,0,2,4,37,0,27622,"2020-09-09T16:29:16.465Z","2020-09-09T16:29:16.562Z",0,0,0,18,5639,7,"Positive Tests Within 14-Day Period (Aug. 28 – Sep. 11):","For information about COVID-19 in the City of Syracuse and other communities in Onondaga County, please visit the [Onondaga County COVID-19](https://covid19.ongov.net/data/) site.",27,2.28571428571429
22,2020-09-11,4,0,1,5,40,0,32116,"2020-09-11T16:41:02.567Z","2020-09-11T16:55:45.420Z",0,0,0,20,9957,11,"Positive Tests Within 14-Day Period (Aug. 28 – Sep. 11):","For information about COVID-19 in the City of Syracuse and other communities in Onondaga County, please visit the [Onondaga County COVID-19](https://covid19.ongov.net/data/) site.",31,1.85714285714286
23,2020-09-14,7,0,8,10,42,0,36644,"2020-09-14T17:24:59.556Z","2020-09-14T17:24:59.567Z",3,0,3,68,13212,5,"Positive Tests Within 14-Day Period (Sept. 12 – Sept. 26):","For information about COVID-19 in the City of Syracuse and other communities in Onondaga County, please visit the [Onondaga County COVID-19](https://covid19.ongov.net/data/) site.",38,2.71428571428571
24,2020-09-16,13,0,13,23,42,0,40697,"2020-09-16T19:58:33.895Z","2020-09-16T21:16:06.165Z",0,0,3,91,16264,18,"Positive Tests Within 14-Day Period (Sept. 12 – Sept. 26):","[Dashboard Update, New State Dashboard and Important Reminders](https://news.syr.edu/blog/2020/09/16/dashboard-update-new-state-dashboard-and-important-reminders/)

For information about COVID-19 in the City of Syracuse and other communities in Onondaga County, please visit the [Onondaga County COVID-19](https://covid19.ongov.net/data/) site.
",51,4
25,2020-09-18,9,0,7,30,45,0,42555,"2020-09-18T17:08:16.538Z","2020-09-18T17:08:16.551Z",1,0,3,109,17678,28,"Positive Tests Within 14-Day Period (Sept. 12 – Sept. 26):","[Dashboard Update, New State Dashboard and Important Reminders](https://news.syr.edu/blog/2020/09/16/dashboard-update-new-state-dashboard-and-important-reminders/)

For information about COVID-19 in the City of Syracuse and other communities in Onondaga County, please visit the [Onondaga County COVID-19](https://covid19.ongov.net/data/) site.",60,5.14285714285714
26,2020-09-21,5,0,0,31,51,0,44647,"2020-09-21T16:40:26.555Z","2020-09-22T11:22:16.415Z",1,0,2,105,12904,34,"Positive Tests Within 14-Day Period (Sept. 12 – Sept. 25):","For information about COVID-19 in the City of Syracuse and other communities in Onondaga County, please visit the [Onondaga County COVID-19](https://covid19.ongov.net/data/) site.",65,5.85714285714286
27,2020-09-23,1,2,-3,27,58,0,46836,"2020-09-23T17:53:06.092Z","2020-09-23T17:59:07.861Z",1,0,3,127,10866,37,"Positive Tests Within 14-Day Period (Sept. 12 – Sept. 25):","For information about COVID-19 in the City of Syracuse and other communities in Onondaga County, please visit the [Onondaga County COVID-19](https://covid19.ongov.net/data/) site.",66,5.85714285714286
28,2020-09-24,1,1,-1,26,61,0,48042,"2020-09-24T17:07:30.050Z","2020-09-24T17:07:30.061Z",0,0,3,126,11184,39,"Positive Tests Within 14-Day Period (Sept. 12 – Sept. 25):","For information about COVID-19 in the City of Syracuse and other communities in Onondaga County, please visit the [Onondaga County COVID-19](https://covid19.ongov.net/data/) site.",67,5.71428571428571
29,2020-09-25,1,0,-9,18,72,0,49027,"2020-09-25T17:13:33.830Z","2020-09-25T17:13:33.840Z",1,0,2,102,9737,40,"Positive Tests Within 14-Day Period (Sept. 12 – Sept. 25):","For information about COVID-19 in the City of Syracuse and other communities in Onondaga County, please visit the [Onondaga County COVID-19](https://covid19.ongov.net/data/) site.",68,5.28571428571429
30,2020-09-26,0,0,-1,17,73,0,49815,"2020-09-26T19:49:56.643Z","2020-09-26T19:51:53.101Z",0,0,2,118,8962,0,"Positive Tests Within 14-Day Period (Sept. 26-Oct. 9):","For information about COVID-19 in the City of Syracuse and other communities in Onondaga County, please visit the [Onondaga County COVID-19](https://covid19.ongov.net/data/) site.",68,4.28571428571429
31,2020-09-27,0,0,-4,13,77,0,49833,"2020-09-27T17:22:59.599Z","2020-09-27T17:22:59.609Z",0,0,2,94,8027,0,"Positive Tests Within 14-Day Period (Sep 26. - Oct 9.)","For information about COVID-19 in the City of Syracuse and other communities in Onondaga County, please visit the [Onondaga County COVID-19](https://covid19.ongov.net/data/) site.",68,2.42857142857143
32,2020-09-28,1,0,-3,10,81,0,50379,"2020-09-28T16:49:32.094Z","2020-09-28T16:49:32.110Z",0,0,2,122,7714,1,"Positive Tests Within 14-Day Period (Sep 26. - Oct 9.)","For information about COVID-19 in the City of Syracuse and other communities in Onondaga County, please visit the [Onondaga County COVID-19](https://covid19.ongov.net/data/) site.",69,1.28571428571429
33,2020-09-29,0,1,0,10,82,0,52006,"2020-09-29T16:57:08.862Z","2020-09-29T16:57:08.879Z",0,0,2,145,7751,2,"Positive Tests Within 14-Day Period (Sep 26. - Oct 9.)","For information about COVID-19 in the City of Syracuse and other communities in Onondaga County, please visit the [Onondaga County COVID-19](https://covid19.ongov.net/data/) site.",69,0.571428571428571
34,2020-09-30,0,0,-3,8,85,0,52655,"2020-09-30T18:12:36.234Z","2020-09-30T18:12:36.245Z",0,0,1,119,8296,2,"Positive Tests Within 14-Day Period (Sep 26. - Oct 9.)","For information about COVID-19 in the City of Syracuse and other communities in Onondaga County, please visit the [Onondaga County COVID-19](https://covid19.ongov.net/data/) site.",69,0.428571428571429
35,2020-10-01,0,0,-4,4,89,0,54162,"2020-10-01T17:12:38.545Z","2020-10-01T17:12:38.556Z",0,0,1,121,9289,2,"Positive Tests Within 14-Day Period (Sep 26. - Oct 9.)","For information about COVID-19 in the City of Syracuse and other communities in Onondaga County, please visit the [Onondaga County COVID-19](https://covid19.ongov.net/data/) site.",69,0.285714285714286
36,2020-10-02,6,1,0,4,91,0,55748,"2020-10-02T17:28:30.529Z","2020-10-12T18:07:42.532Z",0,0,1,115,10524,4,"Positive Tests Within 14-Day Period (Sep 26. - Oct 9.)","For information about COVID-19 in the City of Syracuse and other communities in Onondaga County, please visit the [Onondaga County COVID-19](https://covid19.ongov.net/data/) site.",75,1
37,2020-10-03,1,0,-1,4,93,0,56657,"2020-10-03T17:45:38.989Z","2020-10-03T17:58:09.944Z",0,0,0,131,10057,5,"Positive Tests Within 14-Day Period (Sep 26. - Oct 9.):*","For information about COVID-19 in the City of Syracuse and other communities in Onondaga County, please visit the [Onondaga County COVID-19](https://covid19.ongov.net/data/) site.",76,1.14285714285714
38,2020-10-04,1,0,1,5,93,0,56708,"2020-10-04T17:54:13.109Z","2020-10-04T17:54:13.120Z",0,0,0,38,8665,6,"Positive Tests Within 14-Day Period (Sep 26. - Oct 9.)*:  ","For information about COVID-19 in the City of Syracuse and other communities in Onondaga County, please visit the [Onondaga County COVID-19](https://covid19.ongov.net/data/) site.",77,1.28571428571429
39,2020-10-05,5,0,4,9,94,0,57154,"2020-10-05T17:35:37.201Z","2020-10-05T17:35:37.213Z",0,0,0,40,8149,11,"Positive Tests Within 14-Day Period (Sep 26. - Oct 9.)","For information about COVID-19 in the City of Syracuse and other communities in Onondaga County, please visit the [Onondaga County COVID-19](https://covid19.ongov.net/data/) site.",82,1.85714285714286
40,2020-10-06,16,0,16,25,94,0,58609,"2020-10-06T16:58:46.766Z","2020-10-06T23:04:22.475Z",0,0,0,62,8793,27,"Positive Tests Within 14-Day Period (Sep 26. - Oct 9.)","UPDATE:  [As communicated earlier today](https://news.syr.edu/blog/2020/10/06/emerging-cluster-of-covid-19-continued-vigilance-critical-to-public-health-strategy/), the University is currently taking action to address what our investigation suggests is an emerging cluster of COVID cases, associated with one or more off-campus gatherings that took place late last week. As of 5:30 p.m. on Tuesday, October 6, 2020, our clinical and surveillance testing indicates as many as 45 positive COVID cases associated with last week’s off-campus gathering, and we fully to confirm additional cases in the days to come. [Read more about the steps being taken to contain this outbreak](https://news.syr.edu/blog/2020/10/06/new-provisions-in-place-to-prevent-spread-beyond-emerging-cluster/).

For information about COVID-19 in the City of Syracuse and other communities in Onondaga County, please visit the [Onondaga County COVID-19](https://covid19.ongov.net/data/) site.",98,4.14285714285714
41,2020-10-07,20,0,20,45,94,0,60625,"2020-10-07T17:55:20.456Z","2020-10-07T18:06:16.823Z",0,0,0,134,10788,47,"Positive Tests Within 14-Day Period (Sep 26. - Oct 9.)","Syracuse University continues to trace, test and confirm cases related to the recent cluster of COVID cases associated with one or more off-campus gatherings.  We will continue to report cases daily as they are confirmed. [Read more about the steps being taken to contain this cluster](https://news.syr.edu/blog/2020/10/06/new-provisions-in-place-to-prevent-spread-beyond-emerging-cluster/).

For information about COVID-19 in the City of Syracuse and other communities in Onondaga County, please visit the [Onondaga County COVID-19](https://covid19.ongov.net/data/) site.",118,7
42,2020-10-08,20,0,20,65,94,0,61368,"2020-10-08T17:37:27.281Z","2020-10-08T17:37:27.293Z",0,0,0,164,11232,67,"Positive Tests Within 14-Day Period (Sep 26. - Oct 9.)","Syracuse University continues to trace, test and confirm cases related to the recent cluster of COVID cases associated with one or more off-campus gatherings.  We will continue to report cases daily as they are confirmed. [Read more about the steps being taken to contain this cluster](https://news.syr.edu/blog/2020/10/07/holding-each-other-accountable-to-remain-on-campus/).

For information about COVID-19 in the City of Syracuse and other communities in Onondaga County, please visit the [Onondaga County COVID-19](https://covid19.ongov.net/data/) site.",138,9.85714285714286
43,2020-10-09,12,0,12,76,95,0,62740,"2020-10-09T19:55:02.319Z","2020-10-09T20:38:00.649Z",1,0,1,191,10808,80,"Positive Tests Within 14-Day Period (Sep 26. - Oct 9.)","Syracuse University continues to trace, test and confirm cases related to the recent cluster of COVID cases associated with one or more off-campus gatherings.  We will continue to report cases daily as they are confirmed. [Read more about the steps being taken to contain this cluster](https://news.syr.edu/blog/2020/10/09/covid-19-update-travel-reminder-in-person-learning-health-and-safety/).

For information about COVID-19 in the City of Syracuse and other communities in Onondaga County, please visit the [Onondaga County COVID-19](https://covid19.ongov.net/data/) site.",150,10.7142857142857
44,2020-10-10,10,0,10,86,95,0,63737,"2020-10-10T18:01:43.359Z","2020-10-10T18:01:43.372Z",0,0,1,209,11080,10,"Positive Tests Within 14-Day Period (Oct 10. - Oct 23.)*:","Syracuse University continues to trace, test and confirm cases related to the recent cluster of COVID cases associated with one or more off-campus gatherings.  We will continue to report cases daily as they are confirmed. [Read more about the steps being taken to contain this cluster](https://news.syr.edu/blog/2020/10/09/covid-19-update-travel-reminder-in-person-learning-health-and-safety/).

For information about COVID-19 in the City of Syracuse and other communities in Onondaga County, please visit the [Onondaga County COVID-19](https://covid19.ongov.net/data/) site.",160,12
45,2020-10-11,0,0,0,86,95,0,63775,"2020-10-11T17:05:19.196Z","2020-10-11T17:05:29.280Z",0,0,1,220,9619,10,"Positive Tests Within 14-Day Period (Oct 10. - Oct 23.)*","Syracuse University continues to trace, test and confirm cases related to the recent cluster of COVID cases associated with one or more off-campus gatherings.  We will continue to report cases daily as they are confirmed. [Read more about the steps being taken to contain this cluster](https://news.syr.edu/blog/2020/10/09/covid-19-update-travel-reminder-in-person-learning-health-and-safety/).

For information about COVID-19 in the City of Syracuse and other communities in Onondaga County, please visit the [Onondaga County COVID-19](https://covid19.ongov.net/data/) site.",160,11.8571428571429
46,2020-10-12,6,0,2,88,99,0,64280,"2020-10-12T18:06:32.335Z","2020-10-12T18:06:32.351Z",0,0,1,241,8699,16,"Positive Tests Within 14-Day Period (Oct 10. - Oct 23.)","Syracuse University continues to trace, test and confirm cases related to the recent cluster of COVID cases associated with one or more off-campus gatherings. We will continue to report cases daily as they are confirmed. [Read more about the steps being taken to contain this cluster](https://news.syr.edu/blog/2020/10/09/covid-19-update-travel-reminder-in-person-learning-health-and-safety/).


For information about COVID-19 in the City of Syracuse and other communities in Onondaga County, please visit the [Onondaga County COVID-19](https://covid19.ongov.net/data/) site.",166,12
47,2020-10-13,11,0,8,96,102,0,65283,"2020-10-13T18:03:05.020Z","2020-10-13T18:03:05.037Z",0,0,1,276,8599,27,"Positive Tests Within 14-Day Period (Oct 10. - Oct 23.)","For information about COVID-19 in the City of Syracuse and other communities in Onondaga County, please visit the [Onondaga County COVID-19](https://covid19.ongov.net/data/) site.",177,11.2857142857143
48,2020-10-14,5,0,4,99,104,0,66546,"2020-10-14T17:46:46.156Z","2020-10-14T17:46:46.168Z",1,0,2,281,9843,33,"Positive Tests Within 14-Day Period (Oct 10. - Oct 23.)","For information about COVID-19 in the City of Syracuse and other communities in Onondaga County, please visit the [Onondaga County COVID-19](https://covid19.ongov.net/data/) site.",182,9.14285714285714
49,2020-10-15,6,0,-11,87,121,0,66873,"2020-10-15T18:16:46.538Z","2020-10-15T18:16:46.567Z",0,0,3,263,9863,39,"Positive Tests Within 14-Day Period (Oct 10. - Oct 23.)","For information about COVID-19 in the City of Syracuse and other communities in Onondaga County, please visit the [Onondaga County COVID-19](https://covid19.ongov.net/data/) site.",188,7.14285714285714
50,2020-10-16,1,0,-16,71,138,0,67579,"2020-10-16T17:28:37.092Z","2020-10-16T17:28:37.105Z",0,0,3,253,9023,40,"Positive Tests Within 14-Day Period (Oct 10. - Oct 23.)","For information about COVID-19 in the City of Syracuse and other communities in Onondaga County, please visit the [Onondaga County COVID-19](https://covid19.ongov.net/data/) site.",189,5.57142857142857
51,2020-10-17,0,0,-17,55,156,0,67992,"2020-10-17T18:02:12.410Z","2020-10-17T18:02:12.424Z",1,0,2,236,7596,41,"Positive Tests Within 14-Day Period (Oct 10. - Oct 23.)*","For information about COVID-19 in the City of Syracuse and other communities in Onondaga County, please visit the [Onondaga County COVID-19](https://covid19.ongov.net/data/) site.",189,4.14285714285714
52,2020-10-18,0,0,-31,25,187,0,68000,"2020-10-18T17:18:50.247Z","2020-10-18T17:19:23.627Z",0,0,1,190,6861,41,"Positive Tests Within 14-Day Period (Oct 10. - Oct 23.)*: ","For information about COVID-19 in the City of Syracuse and other communities in Onondaga County, please visit the [Onondaga County COVID-19](https://covid19.ongov.net/data/) site.",189,4.14285714285714
53,2020-10-19,1,0,-6,19,195,0,68425,"2020-10-19T16:56:32.579Z","2020-10-19T16:56:32.592Z",1,0,1,172,5659,43,"Positive Tests Within 14-Day Period (Oct 10. - Oct 23.)*","For information about COVID-19 in the City of Syracuse and other communities in Onondaga County, please visit the [Onondaga County COVID-19](https://covid19.ongov.net/data/) site.",190,3.42857142857143
54,2020-10-20,2,0,-7,12,204,0,69548,"2020-10-20T17:40:52.826Z","2020-10-20T17:40:52.890Z",0,0,1,129,5815,45,"Positive Tests Within 14-Day Period (Oct 10. - Oct 23.)","For information about COVID-19 in the City of Syracuse and other communities in Onondaga County, please visit the [Onondaga County COVID-19](https://covid19.ongov.net/data/) site.",192,2.14285714285714
55,2020-10-21,1,0,-1,11,206,0,71423,"2020-10-21T17:18:33.730Z","2020-10-21T17:18:33.744Z",0,0,1,99,8586,46,"Positive Tests Within 14-Day Period (Oct 10. - Oct 23.)","For information about COVID-19 in the City of Syracuse and other communities in Onondaga County, please visit the [Onondaga County COVID-19](https://covid19.ongov.net/data/) site.",193,1.57142857142857
56,2020-10-22,3,0,0,12,209,0,72706,"2020-10-22T17:23:41.900Z","2020-10-22T17:23:41.919Z",0,0,0,83,10387,49,"Positive Tests Within 14-Day Period (Oct 10. - Oct 23.)","For information about COVID-19 in the City of Syracuse and other communities in Onondaga County, please visit the [Onondaga County COVID-19](https://covid19.ongov.net/data/) site.",196,1.14285714285714
57,2020-10-23,1,1,1,13,210,0,74975,"2020-10-23T17:13:08.193Z","2020-10-23T17:13:08.207Z",0,0,0,73,11649,51,"Positive Tests Within 14-Day Period (Oct 10. - Oct 23.)","For information about COVID-19 in the City of Syracuse and other communities in Onondaga County, please visit the [Onondaga County COVID-19](https://covid19.ongov.net/data/) site.",197,1.14285714285714
58,2020-10-24,3,0,2,15,211,0,76475,"2020-10-24T17:40:37.156Z","2020-10-24T17:40:37.169Z",0,0,0,64,11996,3,"Positive Tests Within 14-Day Period (Oct 24. - Nov 6.)*","For information about COVID-19 in the City of Syracuse and other communities in Onondaga County, please visit the [Onondaga County COVID-19](https://covid19.ongov.net/data/) site.",200,1.57142857142857
59,2020-10-25,0,0,-1,13,212,0,76845,"2020-10-25T17:19:21.604Z","2020-10-25T17:19:21.617Z",0,0,1,42,11485,3,"Positive Tests Within 14-Day Period (Oct 24. - Nov 6.)*","For information about COVID-19 in the City of Syracuse and other communities in Onondaga County, please visit the [Onondaga County COVID-19](https://covid19.ongov.net/data/) site.",200,1.57142857142857
60,2020-10-26,1,0,-1,12,214,0,77571,"2020-10-26T16:39:57.446Z","2020-10-26T16:39:57.458Z",0,0,1,48,11506,4,"Positive Tests Within 14-Day Period (Oct 24. - Nov 6.)*","For information about COVID-19 in the City of Syracuse and other communities in Onondaga County, please visit the [Onondaga County COVID-19](https://covid19.ongov.net/data/) site.",201,1.57142857142857
61,2020-10-27,4,0,0,12,218,0,80731,"2020-10-27T18:06:18.307Z","2020-10-27T18:06:18.325Z",0,0,1,59,14252,8,"Positive Tests Within 14-Day Period (Oct 24. - Nov 6.)*","For information about COVID-19 in the City of Syracuse and other communities in Onondaga County, please visit the [Onondaga County COVID-19](https://covid19.ongov.net/data/) site.",205,1.85714285714286
62,2020-10-28,3,0,1,13,220,0,82797,"2020-10-28T17:13:56.019Z","2020-10-28T17:13:56.033Z",0,0,1,74,16310,11,"Positive Tests Within 14-Day Period (Oct 24. - Nov 6.)*","For information about COVID-19 in the City of Syracuse and other communities in Onondaga County, please visit the [Onondaga County COVID-19](https://covid19.ongov.net/data/) site.",208,2.14285714285714
63,2020-10-29,16,0,16,29,220,0,83330,"2020-10-29T19:58:02.078Z","2020-10-29T21:10:03.086Z",0,0,1,90,16753,27,"Positive Tests Within 14-Day Period (Oct 24. - Nov 6.)*","Syracuse University continues to trace, test and confirm cases related to the recent cluster of COVID cases associated with one or more off-campus gatherings. We will continue to report cases daily as they are confirmed. [Read more about the steps being taken to contain this cluster](https://news.syr.edu/blog/2020/10/29/public-health-advisory-new-covid-19-clusters/).

For information about COVID-19 in the City of Syracuse and other communities in Onondaga County, please visit the [Onondaga County COVID-19](https://covid19.ongov.net/data/) site.",224,4
65,2020-10-30,8,2,8,37,222,0,84088,"2020-10-30T18:06:43.546Z","2020-10-30T18:06:43.568Z",0,0,1,132,16053,37,"Positive Tests Within 14-Day Period (Oct 24. - Nov 6.)*","Syracuse University continues to trace, test and confirm cases related to the recent cluster of COVID cases associated with one or more off-campus gatherings. We will continue to report cases daily as they are confirmed. [Read more about the steps being taken to contain this cluster](https://news.syr.edu/blog/2020/10/30/troubling-spike-in-covid-19-cases-additional-action-underway/).

For information about COVID-19 in the City of Syracuse and other communities in Onondaga County, please visit the [Onondaga County COVID-19](https://covid19.ongov.net/data/) site.",232,5
66,2020-10-31,2,0,2,38,223,0,85807,"2020-10-31T17:21:55.352Z","2020-10-31T17:21:55.372Z",1,0,2,164,15196,40,"Positive Tests Within 14-Day Period (Oct 24. - Nov 6.)*","Syracuse University continues to trace, test and confirm cases related to the recent cluster of COVID cases associated with one or more off-campus gatherings. We will continue to report cases daily as they are confirmed. [Read more about the steps being taken to contain this cluster](https://news.syr.edu/blog/2020/10/30/troubling-spike-in-covid-19-cases-additional-action-underway/).

For information about COVID-19 in the City of Syracuse and other communities in Onondaga County, please visit the [Onondaga County COVID-19](https://covid19.ongov.net/data/) site.",234,4.85714285714286
67,2020-11-01,2,1,3,41,223,0,85822,"2020-11-01T17:52:49.225Z","2020-11-01T18:00:12.546Z",0,0,2,163,12760,43,"Positive Tests Within 14-Day Period (Oct 24. - Nov 6.)*","Syracuse University continues to trace, test and confirm cases related to the recent cluster of COVID cases associated with one or more off-campus gatherings. We will continue to report cases daily as they are confirmed. [Read more about the steps being taken to contain this cluster](https://news.syr.edu/blog/2020/10/30/troubling-spike-in-covid-19-cases-additional-action-underway/).

For information about COVID-19 in the City of Syracuse and other communities in Onondaga County, please visit the [Onondaga County COVID-19](https://covid19.ongov.net/data/) site.",236,5.14285714285714
68,2020-11-02,2,0,-2,40,227,0,86543,"2020-11-02T17:38:33.248Z","2020-11-02T21:37:53.478Z",0,0,1,188,11244,45,"Positive Tests Within 14-Day Period (Oct 24. - Nov 6.)*","Syracuse University continues to trace, test and confirm cases related to the recent cluster of COVID cases associated with one or more off-campus gatherings. We will continue to report cases daily as they are confirmed. [Read more about the steps being taken to contain this cluster](https://news.syr.edu/blog/2020/11/02/public-health-advisory-update-on-clusters-detected-last-week/).

For information about COVID-19 in the City of Syracuse and other communities in Onondaga County, please visit the [Onondaga County COVID-19](https://covid19.ongov.net/data/) site.",238,5.28571428571429
69,2020-11-03,10,1,7,47,231,0,87565,"2020-11-03T18:38:29.114Z","2020-11-03T18:38:29.127Z",0,0,1,220,10734,56,"Positive Tests Within 14-Day Period (Oct 24. - Nov 6.)*","Syracuse University continues to trace, test and confirm cases related to the recent cluster of COVID cases associated with one or more off-campus gatherings. We will continue to report cases daily as they are confirmed. [Read more about the steps being taken to contain this cluster](https://news.syr.edu/blog/2020/11/02/public-health-advisory-update-on-clusters-detected-last-week/).

For information about COVID-19 in the City of Syracuse and other communities in Onondaga County, please visit the [Onondaga County COVID-19](https://covid19.ongov.net/data/) site.",248,6.14285714285714
70,2020-11-04,10,0,9,56,232,0,88816,"2020-11-04T19:14:25.048Z","2020-11-04T19:14:39.081Z",0,0,1,235,11975,66,"8.	Positive Tests Within 14-Day Period (Oct 24. - Nov 6.)*","Syracuse University continues to trace, test and confirm cases related to the recent cluster of COVID cases associated with one or more off-campus gatherings. We will continue to report cases daily as they are confirmed. [Read more about the steps being taken to contain this cluster](https://news.syr.edu/blog/2020/11/02/public-health-advisory-update-on-clusters-detected-last-week/).

For information about COVID-19 in the City of Syracuse and other communities in Onondaga County, please visit the [Onondaga County COVID-19](https://covid19.ongov.net/data/) site.",258,7.14285714285714
71,2020-11-05,18,0,12,68,238,0,90269,"2020-11-05T20:58:39.745Z","2020-11-05T20:58:39.759Z",0,0,1,298,12766,84,"Positive Tests Within 14-Day Period (Oct 24. - Nov 6.)*","Syracuse University continues to trace, test and confirm cases related to the recent cluster of COVID cases associated with one or more off-campus gatherings. We will continue to report cases daily as they are confirmed. [Read more about the steps being taken to contain this cluster](https://news.syr.edu/blog/2020/11/02/public-health-advisory-update-on-clusters-detected-last-week/).

For information about COVID-19 in the City of Syracuse and other communities in Onondaga County, please visit the [Onondaga County COVID-19](https://covid19.ongov.net/data/) site.",276,7.42857142857143
72,2020-11-06,14,0,11,79,241,0,91412,"2020-11-06T20:59:14.956Z","2020-11-06T21:42:50.069Z",0,0,1,465,10849,98,"Positive Tests Within 14-Day Period (Oct 24. - Nov 6.)*","Syracuse University continues to trace, test and confirm cases related to the recent cluster of COVID cases associated with one or more off-campus gatherings. We will continue to report cases daily as they are confirmed. [Read more about the steps being taken to contain this cluster](https://news.syr.edu/blog/2020/11/06/covid-19-update-infections-rising-vigilance-needed-departure-planning-and-testing/).

For information about COVID-19 in the City of Syracuse and other communities in Onondaga County, please visit the [Onondaga County COVID-19](https://covid19.ongov.net/data/) site.",290,8.28571428571429
73,2020-11-07,7,1,-6,74,255,0,92318,"2020-11-07T18:21:33.609Z","2020-11-07T18:21:33.624Z",0,0,0,447,9784,7," Positive Tests Within 14-Day Period (Nov 7. - Nov 20.)*","Syracuse University continues to trace, test and confirm and report cases daily. [Read more about Syracuse University's public health efforts.](https://news.syr.edu/blog/2020/11/06/covid-19-update-infections-rising-vigilance-needed-departure-planning-and-testing/).

For information about COVID-19 in the City of Syracuse and other communities in Onondaga County, please visit the [Onondaga County COVID-19](https://covid19.ongov.net/data/) site.",297,9
74,2020-11-08,8,0,-1,73,264,0,92505,"2020-11-08T17:50:03.253Z","2020-11-08T17:50:03.267Z",0,0,0,469,9437,15,"Positive Tests Within 14-Day Period (Nov 7. - Nov 20.)*","Syracuse University continues to trace, test and confirm and report cases daily. [Read more about Syracuse University's public health efforts.](https://news.syr.edu/blog/2020/11/06/covid-19-update-infections-rising-vigilance-needed-departure-planning-and-testing/).

For information about COVID-19 in the City of Syracuse and other communities in Onondaga County, please visit the [Onondaga County COVID-19](https://covid19.ongov.net/data/) site.",305,9.85714285714286
75,2020-11-09,19,1,15,88,269,0,93364,"2020-11-09T17:53:21.110Z","2020-11-09T17:53:21.123Z",0,0,0,480,9538,35,"Positive Tests Within 14-Day Period (Nov 7. - Nov 20.)*","Syracuse University continues to trace, test and confirm and report cases daily. [Read more about Syracuse University's public health efforts.](https://news.syr.edu/blog/2020/11/09/new-restrictions-in-place-to-curb-spread-of-covid-19/).

For information about COVID-19 in the City of Syracuse and other communities in Onondaga County, please visit the [Onondaga County COVID-19](https://covid19.ongov.net/data/) site.",324,12.2857142857143
76,2020-11-10,50,1,44,132,276,0,95261,"2020-11-10T22:15:18.749Z","2020-11-10T22:15:18.763Z",0,0,0,489,9716,86,"Positive Tests Within 14-Day Period (Nov 7. - Nov 20.)*","Syracuse University continues to trace, test and confirm and report cases daily. [Read more about Syracuse University's public health efforts.](https://news.syr.edu/blog/2020/11/10/covid-19-update-departure-testing-support-for-students-online-instruction/).

For information about COVID-19 in the City of Syracuse and other communities in Onondaga County, please visit the [Onondaga County COVID-19](https://covid19.ongov.net/data/) site.
",374,18
77,2020-11-11,52,0,48,180,280,0,97819,"2020-11-11T21:00:31.610Z","2020-11-11T21:28:42.859Z",0,0,0,491,12259,138,"Positive Tests Within 14-Day Period (Nov 7. - Nov 20.)*","Syracuse University continues to trace, test and confirm and report cases daily. [Read more about Syracuse University's public health efforts.](https://news.syr.edu/blog/2020/11/11/residential-instruction-to-conclude-effective-thursday-nov-12-university-will-go-into-pause-mode/).

For information about COVID-19 in the City of Syracuse and other communities in Onondaga County, please visit the [Onondaga County COVID-19](https://covid19.ongov.net/data/) site.",426,24
78,2020-11-12,40,2,41,221,281,0,99233,"2020-11-12T21:00:02.975Z","2020-11-12T21:00:02.995Z",0,0,0,590,12926,179,"Positive Tests Within 14-Day Period (Nov 7. - Nov 20.)*","Syracuse University continues to trace, test and confirm and report cases daily. [Read more about Syracuse University's public health efforts.](https://news.syr.edu/blog/2020/11/11/residential-instruction-to-conclude-effective-thursday-nov-12-university-will-go-into-pause-mode/).

For information about COVID-19 in the City of Syracuse and other communities in Onondaga County, please visit the [Onondaga County COVID-19](https://covid19.ongov.net/data/) site.",466,27.1428571428571
79,2020-11-13,35,2,9,230,309,0,100591,"2020-11-13T21:00:10.203Z","2020-11-13T21:00:10.220Z",0,0,0,637,13285,216,"Positive Tests Within 14-Day Period (Nov 7. - Nov 20.)*","Syracuse University continues to trace, test and confirm and report cases daily. [Read more about Syracuse University's public health efforts.](https://news.syr.edu/blog/2020/11/11/residential-instruction-to-conclude-effective-thursday-nov-12-university-will-go-into-pause-mode/).

For information about COVID-19 in the City of Syracuse and other communities in Onondaga County, please visit the [Onondaga County COVID-19](https://covid19.ongov.net/data/) site.",501,30.1428571428571
80,2020-11-14,23,2,15,244,320,0,101550,"2020-11-14T20:38:52.738Z","2020-11-14T20:38:52.750Z",1,0,1,700,12962,242,"Positive Tests Within 14-Day Period (Nov 7. - Nov 20.)*:","Syracuse University continues to trace, test and confirm and report cases daily. [Read more about Syracuse University's public health efforts.](https://news.syr.edu/blog/2020/11/13/dont-delay-get-your-covid-19-test-today/).

For information about COVID-19 in the City of Syracuse and other communities in Onondaga County, please visit the [Onondaga County COVID-19](https://covid19.ongov.net/data/) site.",524,32.4285714285714
81,2020-11-15,12,0,-12,232,344,0,101996,"2020-11-15T20:52:55.766Z","2020-11-16T21:40:27.354Z",0,0,1,651,11978,254," Positive Tests Within 14-Day Period (Nov 7. - Nov 20.)*:","Syracuse University continues to trace, test and confirm and report cases daily. [All students are encouraged to get a COVID-19 test at least three days prior to departure](https://news.syr.edu/blog/2020/11/13/dont-delay-get-your-covid-19-test-today/).

For information about COVID-19 in the City of Syracuse and other communities in Onondaga County, please visit the [Onondaga County COVID-19](https://covid19.ongov.net/data/) site.",536,33
82,2020-11-16,39,4,18,249,371,0,102915,"2020-11-16T20:51:22.652Z","2020-11-16T21:53:12.446Z",2,0,2,636,11672,299,"Positive Tests Within 14-Day Period (Nov 7. - Nov 20.)*","Syracuse University continues to trace, test and confirm and report cases daily. [All students are encouraged to get a COVID-19 test at least three days prior to departure](https://news.syr.edu/blog/2020/11/13/dont-delay-get-your-covid-19-test-today/).

For information about COVID-19 in the City of Syracuse and other communities in Onondaga County, please visit the [Onondaga County COVID-19](https://covid19.ongov.net/data/) site.",575,35.8571428571429
83,2020-11-17,46,2,18,266,402,0,104221,"2020-11-17T20:50:10.687Z","2020-11-17T20:50:10.719Z",1,0,3,584,12001,348,"Positive Tests Within 14-Day Period (Nov 7. - Nov 20.)*","Syracuse University continues to trace, test and confirm and report cases daily. [All students are encouraged to get a COVID-19 test at least three days prior to departure](https://news.syr.edu/blog/2020/11/13/dont-delay-get-your-covid-19-test-today/).

For information about COVID-19 in the City of Syracuse and other communities in Onondaga County, please visit the [Onondaga County COVID-19](https://covid19.ongov.net/data/) site.",621,35.2857142857143
84,2020-11-18,19,2,14,280,409,0,105652,"2020-11-18T21:34:32.024Z","2020-11-18T21:44:39.633Z",0,0,3,586,13220,369,"  Positive Tests Within 14-Day Period (Nov 7. - Nov 20.)*:","Syracuse University continues to trace, test and confirm and report cases daily. [All students are encouraged to get a COVID-19 test at least three days prior to departure](https://news.syr.edu/blog/2020/11/13/dont-delay-get-your-covid-19-test-today/).

For information about COVID-19 in the City of Syracuse and other communities in Onondaga County, please visit the [Onondaga County COVID-19](https://covid19.ongov.net/data/) site.",640,30.5714285714286
85,2020-11-19,26,0,-52,228,488,0,106751,"2020-11-19T20:34:41.301Z","2020-11-19T20:34:41.316Z",1,0,3,595,13333,396,"Positive Tests Within 14-Day Period (Nov 7. - Nov 20.)*:","Syracuse University continues to trace, test and confirm and report cases daily. [All students are encouraged to get a COVID-19 test at least three days prior to departure](https://news.syr.edu/blog/2020/11/13/dont-delay-get-your-covid-19-test-today/).

For information about COVID-19 in the City of Syracuse and other communities in Onondaga County, please visit the [Onondaga County COVID-19](https://covid19.ongov.net/data/) site.",666,28.5714285714286
86,2020-11-20,23,1,-28,201,541,0,108138,"2020-11-20T21:03:48.224Z","2020-11-20T21:53:27.513Z",1,0,2,562,12799,421,"Positive Tests Within 14-Day Period (Nov 7. - Nov 20.)*","Syracuse University continues to trace, test and confirm and report cases daily. [All students are encouraged to get a COVID-19 test at least three days prior to departure](https://news.syr.edu/blog/2020/11/20/covid-19-update-new-testing-hours-response-checklists-website-transition/).

For information about COVID-19 in the City of Syracuse and other communities in Onondaga County, please visit the [Onondaga County COVID-19](https://covid19.ongov.net/data/) site.",689,26.8571428571429
87,2020-11-21,11,0,-49,153,601,0,108983,"2020-11-21T20:49:56.571Z","2020-11-21T20:49:56.584Z",0,0,1,524,11153,11,"Positive Tests Within 14-Day Period (Nov 21. - Dec 4.)*","Syracuse University continues to trace, test and confirm and report cases daily. [All students are encouraged to get a COVID-19 test at least three days prior to departure](https://news.syr.edu/blog/2020/11/20/covid-19-update-new-testing-hours-response-checklists-website-transition/).

For information about COVID-19 in the City of Syracuse and other communities in Onondaga County, please visit the [Onondaga County COVID-19](https://covid19.ongov.net/data/) site.",700,25.1428571428571
88,2020-11-22,4,1,-23,129,630,0,109625,"2020-11-22T20:49:23.757Z","2020-11-22T20:49:23.769Z",1,0,2,434,10161,17,"Positive Tests Within 14-Day Period (Nov 21. - Dec 4.)*","Syracuse University continues to trace, test and confirm and report cases daily. [All students are encouraged to get a COVID-19 test at least three days prior to departure](https://news.syr.edu/blog/2020/11/20/covid-19-update-new-testing-hours-response-checklists-website-transition/).

For information about COVID-19 in the City of Syracuse and other communities in Onondaga County, please visit the [Onondaga County COVID-19](https://covid19.ongov.net/data/) site.",704,24
90,2020-11-23,5,3,-15,114,652,0,110834,"2020-11-23T20:50:07.304Z","2020-11-23T20:50:07.319Z",0,0,2,382,10011,25,"Positive Tests Within 14-Day Period (Nov 21. - Dec 4.)*","Syracuse University continues to trace, test and confirm and report cases daily. [All students are encouraged to get a COVID-19 test at least three days prior to departure](https://news.syr.edu/blog/2020/11/20/covid-19-update-new-testing-hours-response-checklists-website-transition/).

For information about COVID-19 in the City of Syracuse and other communities in Onondaga County, please visit the [Onondaga County COVID-19](https://covid19.ongov.net/data/) site.",709,19.1428571428571
91,2020-11-24,11,2,-2,109,671,0,111676,"2020-11-24T20:50:28.244Z","2020-11-24T20:50:28.258Z",3,0,5,345,9896,39,"Positive Tests Within 14-Day Period (Nov 21. - Dec 4.)*","Syracuse University continues to trace, test and confirm and report cases daily. [All students are encouraged to get a COVID-19 test at least three days prior to departure](https://news.syr.edu/blog/2020/11/20/covid-19-update-new-testing-hours-response-checklists-website-transition/).

For information about COVID-19 in the City of Syracuse and other communities in Onondaga County, please visit the [Onondaga County COVID-19](https://covid19.ongov.net/data/) site.",720,14.1428571428571
92,2020-11-25,0,2,-21,89,694,0,112279,"2020-11-25T17:56:17.209Z","2020-11-25T17:56:17.237Z",0,0,4,280,10053,41,"Positive Tests Within 14-Day Period (Nov 21. - Dec 4.)*","Syracuse University continues to trace, test and confirm and report cases daily. [All students are encouraged to get a COVID-19 test at least three days prior to departure](https://news.syr.edu/blog/2020/11/20/covid-19-update-new-testing-hours-response-checklists-website-transition/).

For information about COVID-19 in the City of Syracuse and other communities in Onondaga County, please visit the [Onondaga County COVID-19](https://covid19.ongov.net/data/) site.",720,11.4285714285714
93,2020-11-30,11,2,-64,26,773,0,113424,"2020-11-30T21:00:09.648Z","2020-11-30T21:31:11.103Z",2,0,3,133,5396,54,"Positive Tests Within 14-Day Period (Nov 21. - Dec 4.)* ","Please note: the November 30 update reflects cumulative data since November 26.

For information about COVID-19 in the City of Syracuse and other communities in Onondaga County, please visit the [Onondaga County COVID-19](https://covid19.ongov.net/data/) site.",731,9.28571428571429
94,2020-12-01,2,1,-5,23,781,0,113842,"2020-12-01T21:06:12.427Z","2020-12-01T21:06:12.439Z",0,0,1,96,4973,57,"Positive Tests Within 14-Day Period (Nov 21. - Dec 4.)*","For information about COVID-19 in the City of Syracuse and other communities in Onondaga County, please visit the [Onondaga County COVID-19](https://covid19.ongov.net/data/) site.",733,6.28571428571429
95,2020-12-02,0,1,-12,12,794,0,114173,"2020-12-02T21:00:05.306Z","2020-12-02T21:00:05.324Z",0,0,0,57,4605,58,"Positive Tests Within 14-Day Period (Nov 21. - Dec 4.)*","For information about COVID-19 in the City of Syracuse and other communities in Onondaga County, please visit the [Onondaga County COVID-19](https://covid19.ongov.net/data/) site.",733,4.71428571428571
96,2020-12-03,1,3,1,12,798,0,114643,"2020-12-03T18:49:23.600Z","2020-12-03T18:49:23.614Z",0,1,1,45,3827,62,"Positive Tests Within 14-Day Period (Nov 21. - Dec 4.)*","For information about COVID-19 in the City of Syracuse and other communities in Onondaga County, please visit the [Onondaga County COVID-19](https://covid19.ongov.net/data/) site.",734,4.28571428571429
97,2020-12-04,1,1,1,13,799,0,115133,"2020-12-04T19:59:33.188Z","2020-12-04T19:59:33.207Z",0,0,1,38,3477,63,"Positive Tests Within 14-Day Period (Nov 21. - Dec 4.)*","For information about COVID-19 in the City of Syracuse and other communities in Onondaga County, please visit the [Onondaga County COVID-19](https://covid19.ongov.net/data/) site.",735,3.71428571428571
98,2020-12-05,2,1,3,16,799,0,115252,"2020-12-05T20:35:12.122Z","2020-12-05T20:35:12.140Z",0,0,1,18,2938,3,"Positive Tests Within 14-Day Period (Dec 5. – Dec 18.)*","For information about COVID-19 in the City of Syracuse and other communities in Onondaga County, please visit the [Onondaga County COVID-19](https://covid19.ongov.net/data/) site.",737,2.42857142857143
99,2020-12-06,0,1,-1,15,801,0,115252,"2020-12-06T23:31:41.423Z","2020-12-06T23:31:41.438Z",0,0,1,12,2810,4,"Positive Tests Within 14-Day Period (Dec 5. – Dec 18.)*","For information about COVID-19 in the City of Syracuse and other communities in Onondaga County, please visit the [Onondaga County COVID-19](https://covid19.ongov.net/data/) site.",737,2.42857142857143
100,2020-12-07,1,0,-1,14,803,0,115649,"2020-12-07T18:19:46.764Z","2020-12-07T18:19:46.775Z",0,0,1,10,3041,5,"Positive Tests Within 14-Day Period (Dec 5. – Dec 18.)*","For information about COVID-19 in the City of Syracuse and other communities in Onondaga County, please visit the [Onondaga County COVID-19](https://covid19.ongov.net/data/) site.",738,1
101,2020-12-08,3,2,3,17,805,0,115970,"2020-12-08T18:12:43.026Z","2020-12-08T18:12:43.041Z",0,0,1,7,3434,9,"Positive Tests Within 14-Day Period (Dec 5. – Dec 18.)*","For information about COVID-19 in the City of Syracuse and other communities in Onondaga County, please visit the [Onondaga County COVID-19](https://covid19.ongov.net/data/) site.",741,1.14285714285714
102,2020-12-09,2,0,1,18,806,0,116406,"2020-12-09T19:47:09.161Z","2020-12-09T19:47:09.172Z",0,0,1,8,3581,11,"Positive Tests Within 14-Day Period (Dec 5. – Dec 18.)*","For information about COVID-19 in the City of Syracuse and other communities in Onondaga County, please visit the [Onondaga County COVID-19](https://covid19.ongov.net/data/) site.",743,1.42857142857143
103,2020-12-10,0,1,-2,16,809,0,116656,"2020-12-10T17:45:00.430Z","2020-12-10T17:45:00.439Z",0,0,1,2,3177,12,"Positive Tests Within 14-Day Period (Dec 5. – Dec 18.)*","For information about COVID-19 in the City of Syracuse and other communities in Onondaga County, please visit the [Onondaga County COVID-19](https://covid19.ongov.net/data/) site.",743,1.28571428571429
104,2020-12-11,0,4,0,16,813,0,116908,"2020-12-11T18:19:25.370Z","2020-12-11T18:19:25.383Z",0,0,1,2,3013,16,"Positive Tests Within 14-Day Period (Dec. 5 - Dec. 18)*","For information about COVID-19 in the City of Syracuse and other communities in Onondaga County, please visit the [Onondaga County COVID-19](https://covid19.ongov.net/data/) site.",743,1.14285714285714
105,2020-12-12,0,2,-2,14,817,0,117054,"2020-12-12T20:12:24.114Z","2020-12-12T20:12:42.381Z",0,0,1,2,2828,18,"Positive Tests Within 14-Day Period (Dec 5. – Dec 18.)*:","For information about COVID-19 in the City of Syracuse and other communities in Onondaga County, please visit the [Onondaga County COVID-19](https://covid19.ongov.net/data/) site.",743,0.857142857142857
106,2020-12-13,0,1,-1,13,819,0,117054,"2020-12-13T20:05:24.897Z","2020-12-13T20:05:24.910Z",0,0,1,2,2358,19,"Positive Tests Within 14-Day Period (Dec 5. – Dec 18.)*:","For information about COVID-19 in the City of Syracuse and other communities in Onondaga County, please visit the [Onondaga County COVID-19](https://covid19.ongov.net/data/) site.",743,0.857142857142857
107,2020-12-14,0,1,-1,12,821,0,117347,"2020-12-14T18:28:37.473Z","2020-12-14T18:28:37.489Z",0,0,1,3,2161,20,"Positive Tests Within 14-Day Period (Dec 5. – Dec 18.)*","For information about COVID-19 in the City of Syracuse and other communities in Onondaga County, please visit the [Onondaga County COVID-19](https://covid19.ongov.net/data/) site.",743,0.714285714285714
108,2020-12-15,1,3,3,15,822,0,117792,"2020-12-15T18:30:51.312Z","2020-12-15T18:30:51.324Z",0,0,1,4,2487,23,"Positive Tests Within 14-Day Period (Dec 5. – Dec 18.)*","For information about COVID-19 in the City of Syracuse and other communities in Onondaga County, please visit the [Onondaga County COVID-19](https://covid19.ongov.net/data/) site.",744,0.428571428571429
109,2020-12-16,0,4,-1,15,827,0,118021,"2020-12-16T19:06:48.934Z","2020-12-16T19:06:48.941Z",0,0,0,4,2716,26,"Positive Tests Within 14-Day Period (Dec 5. – Dec 18.)*","For information about COVID-19 in the City of Syracuse and other communities in Onondaga County, please visit the [Onondaga County COVID-19](https://covid19.ongov.net/data/) site.",744,0.142857142857143
110,2020-12-17,1,1,-1,14,830,0,118326,"2020-12-17T19:31:04.821Z","2020-12-17T19:31:04.833Z",0,0,0,3,2624,27,"Positive Tests Within 14-Day Period (Dec 5. – Dec 18.)*","For information about COVID-19 in the City of Syracuse and other communities in Onondaga County, please visit the [Onondaga County COVID-19](https://covid19.ongov.net/data/) site.",745,0.285714285714286
111,2020-12-18,2,0,0,14,832,0,118723,"2020-12-18T18:54:43.542Z","2020-12-18T18:54:43.555Z",0,0,0,2,2700,27,"Positive Tests Within 14-Day Period (Dec 5. – Dec 18.)*","For information about COVID-19 in the City of Syracuse and other communities in Onondaga County, please visit the [Onondaga County COVID-19](https://covid19.ongov.net/data/) site.",747,0.571428571428571
112,2020-12-19,0,0,-3,11,835,0,118983,"2020-12-19T18:16:01.836Z","2020-12-19T18:16:01.851Z",0,0,0,2,2524,0,"Positive Tests Within 14-Day Period (Dec 19. – Jan 1.)*:","For information about COVID-19 in the City of Syracuse and other communities in Onondaga County, please visit the [Onondaga County COVID-19](https://covid19.ongov.net/data/) site.",747,0.571428571428571
113,2020-12-20,0,1,-2,9,838,0,119031,"2020-12-20T17:39:13.976Z","2020-12-20T17:39:13.987Z",0,0,0,5,2322,1,"Positive Tests Within 14-Day Period (Dec 19. – Jan 1.)*:","For information about COVID-19 in the City of Syracuse and other communities in Onondaga County, please visit the [Onondaga County COVID-19](https://covid19.ongov.net/data/) site.",747,0.571428571428571
114,2020-12-21,1,3,4,13,838,0,119114,"2020-12-21T18:41:23.291Z","2020-12-21T18:41:23.305Z",0,0,0,5,2153,4,"Positive Tests Within 14-Day Period (Dec 19. – Jan 1.)*","For information about COVID-19 in the City of Syracuse and other communities in Onondaga County, please visit the [Onondaga County COVID-19](https://covid19.ongov.net/data/) site.",748,0.714285714285714
115,2020-12-22,2,3,3,16,840,0,119186,"2020-12-22T18:46:22.802Z","2020-12-22T18:46:22.822Z",0,0,0,19,2079,8,"Positive Tests Within 14-Day Period (Dec 19. – Jan 1.)*","For information about COVID-19 in the City of Syracuse and other communities in Onondaga County, please visit the [Onondaga County COVID-19](https://covid19.ongov.net/data/) site.",750,0.857142857142857
116,2020-12-23,0,1,1,17,840,0,119270,"2020-12-23T18:10:38.155Z","2020-12-23T18:10:51.250Z",0,0,0,18,2163,9,"Positive Tests Within 14-Day Period (Dec 19. – Jan 1.)*","Due to the University's closure for Orange Appreciation Days, the next update will be on January 4. 

For information about COVID-19 in the City of Syracuse and other communities in Onondaga County, please visit the [Onondaga County COVID-19](https://covid19.ongov.net/data/) site.",750,0.857142857142857
117,2021-01-04,9,10,2,19,857,0,119982,"2021-01-04T20:17:24.908Z","2021-01-04T20:18:03.066Z",0,0,0,6,753,1,"Positive Tests Within 14-Day Period (Jan. 2 – Jan. 15)*","Due to the University’s closure for Orange Appreciation Days, the Jan. 4 update is cumulative for the period Dec. 24, 2020 – Jan. 4, 2021.

For information about COVID-19 in the City of Syracuse and other communities in Onondaga County, please visit the [Onondaga County COVID-19](https://covid19.ongov.net/data/) site.",759,2
118,2021-01-05,3,2,3,22,859,0,120997,"2021-01-05T19:37:13.789Z","2021-01-05T19:37:13.803Z",0,0,0,2,1754,5,"Positive Tests Within 14-Day Period (Jan. 2 – Jan. 15)*","For information about COVID-19 in the City of Syracuse and other communities in Onondaga County, please visit the [Onondaga County COVID-19](https://covid19.ongov.net/data/) site.",762,2.14285714285714
119,2021-01-06,3,2,3,25,861,0,121263,"2021-01-06T20:03:15.821Z","2021-01-06T20:03:15.834Z",0,0,0,5,2011,8,"Positive Tests Within 14-Day Period (Jan. 2 – Jan. 15)*","For information about COVID-19 in the City of Syracuse and other communities in Onondaga County, please visit the [Onondaga County COVID-19](https://covid19.ongov.net/data/) site.",765,2.57142857142857
120,2021-01-07,2,1,1,26,863,0,121543,"2021-01-07T18:35:05.228Z","2021-01-07T18:35:05.247Z",0,0,0,6,2286,9,"Positive Tests Within 14-Day Period (Jan. 2 – Jan. 15)*","For information about COVID-19 in the City of Syracuse and other communities in Onondaga County, please visit the [Onondaga County COVID-19](https://covid19.ongov.net/data/) site.",767,2.85714285714286
121,2021-01-08,1,3,-3,23,870,0,121774,"2021-01-08T18:51:45.278Z","2021-01-08T18:51:45.288Z",0,0,0,11,2508,12,"Positive Tests Within 14-Day Period (Jan. 2- Jan. 15)*","For information about COVID-19 in the City of Syracuse and other communities in Onondaga County, please visit the [Onondaga County COVID-19](https://covid19.ongov.net/data/) site.",768,2.85714285714286
122,2021-01-09,1,2,-1,22,874,0,121900,"2021-01-09T19:38:44.635Z","2021-01-09T19:38:44.647Z",0,0,0,10,2628,14,"Positive Tests Within 14-Day Period (Jan 2. – Jan 15.)*","For information about COVID-19 in the City of Syracuse and other communities in Onondaga County, please visit the [Onondaga County COVID-19](https://covid19.ongov.net/data/) site.",769,2.71428571428571
123,2021-01-10,0,0,-2,20,876,0,122006,"2021-01-10T18:32:12.507Z","2021-01-10T18:32:12.524Z",0,0,0,10,2734,14,"Positive Tests Within 14-Day Period (Jan 2. – Jan 15.)*","For information about COVID-19 in the City of Syracuse and other communities in Onondaga County, please visit the [Onondaga County COVID-19](https://covid19.ongov.net/data/) site.",769,2.71428571428571
124,2021-01-11,1,3,0,20,880,0,122200,"2021-01-11T19:14:57.549Z","2021-01-11T19:14:57.568Z",0,0,0,9,0,17,"Positive Tests Within 14-Day Period (Jan 2. – Jan 15.)*","For information about COVID-19 in the City of Syracuse and other communities in Onondaga County, please visit the [Onondaga County COVID-19](https://covid19.ongov.net/data/) site.",770,1.57142857142857
125,2021-01-12,1,1,-1,19,883,0,122584,"2021-01-12T18:24:24.404Z","2021-01-12T18:24:24.423Z",0,0,0,9,0,18,"Positive Tests Within 14-Day Period (Jan 2. – Jan 15.)*","For information about COVID-19 in the City of Syracuse and other communities in Onondaga County, please visit the [Onondaga County COVID-19](https://covid19.ongov.net/data/) site.",771,1.28571428571429
126,2021-01-13,1,1,0,19,885,0,122872,"2021-01-13T20:33:07.370Z","2021-01-13T20:33:07.385Z",0,0,0,4,NA,19,"Positive Tests Within 14-Day Period (Jan 2. – Jan 15.)*","For information about COVID-19 in the City of Syracuse and other communities in Onondaga County, please visit the [Onondaga County COVID-19](https://covid19.ongov.net/data/) site.",772,1
127,2021-01-14,1,0,-3,16,889,0,123419,"2021-01-14T20:21:34.198Z","2021-01-14T20:21:34.212Z",0,0,0,4,NA,20,"Positive Tests Within 14-Day Period (Jan 2. – Jan 15.)*","For information about COVID-19 in the City of Syracuse and other communities in Onondaga County, please visit the [Onondaga County COVID-19](https://covid19.ongov.net/data/) site.",773,0.857142857142857
128,2021-01-15,1,1,-6,10,897,0,123770,"2021-01-15T18:00:05.572Z","2021-01-15T18:00:05.587Z",0,0,0,1,0,21,"Positive Tests Within 14-Day Period (Jan 2. – Jan 15.)*","For information about COVID-19 in the City of Syracuse and other communities in Onondaga County, please visit the [Onondaga County COVID-19](https://covid19.ongov.net/data/) site.",774,0.857142857142857
129,2021-01-16,1,0,0,10,898,0,123895,"2021-01-16T19:20:24.653Z","2021-01-16T19:20:24.667Z",0,0,0,1,0,0,"Positive Tests Within 14-Day Period (Jan 16. – Jan 29.)*","For information about COVID-19 in the City of Syracuse and other communities in Onondaga County, please visit the [Onondaga County COVID-19](https://covid19.ongov.net/data/) site.",775,0.857142857142857
130,2021-01-17,0,0,-1,9,899,0,124014,"2021-01-17T19:35:09.226Z","2021-01-17T19:35:09.240Z",0,0,0,1,0,0,"  Positive Tests Within 14-Day Period (Jan 16. – Jan 29.)*","The dashboard will not be updated on Monday, January 18, due to the Martin Luther King Jr. Holiday.

For information about COVID-19 in the City of Syracuse and other communities in Onondaga County, please visit the [Onondaga County COVID-19](https://covid19.ongov.net/data/) site.
",775,0.857142857142857
131,2021-01-19,0,2,-2,7,903,0,124383,"2021-01-19T18:31:37.286Z","2021-01-19T18:31:37.302Z",0,0,0,0,0,2,"Positive Tests Within 14-Day Period (Jan. 16 – Jan. 29)*","For information about COVID-19 in the City of Syracuse and other communities in Onondaga County, please visit the [Onondaga County COVID-19](https://covid19.ongov.net/data/) site.",775,0.714285714285714
132,2021-01-20,0,1,1,8,903,0,124684,"2021-01-20T18:53:08.119Z","2021-01-20T18:53:08.133Z",0,0,0,0,0,3,"Positive Tests Within 14-Day Period (Jan. 16 – Jan. 29)*","
For information about COVID-19 in the City of Syracuse and other communities in Onondaga County, please visit the [Onondaga County COVID-19](https://covid19.ongov.net/data/) site.",775,0.571428571428571
